{
  "max-nested-blocks": 4,
  "max-args": 5,
  "max-line-length": 80,
  "allowed-io": ["__main__"],
    "disable": ["R0401", "R0901", "R0903", "R0904", "R0911", "R0916", "W0402", "W0403", "W0410",
                "W1501", "W1502", "W1505", "E1300", "E1301", "E1302", "E1304", "W1300", "W1301", 
                "W1302", "W1304", "E1124", "E1125", "E1129", "E1132", "W1402", "W0105", "E1303", 
                "W1306", "W1307", "C0123", "E0116", "E0114", "E0112", "E0115", "E0106", "E0113", 
                "E0111", "E0105", "E0100", "E0117", "W0150", "W0120", "W0124", "W0108", "W0123", 
                "W0122", "W0110", "C0122", "C0200", "W0141", "W0640", "W0623", "W0614", "W0604", 
                "W0603", "W0602", "W0601", "E0604", "E0603", "E1200", "E1201", "E1202", "W1201", 
                "E1205", "E1206", "similarities", "newstyle", "python3", "W0512", "C0403", 
                "C0401", "C0402", "E1701", "E1700", "W0332", "C0327", "C0328", "E0202", "E0241", 
                "E0704", "W0211", "W0232", "W0511", "R0204", "C0303", "W0231", "E9998", "R0201", 
                "E9989", "W0311", "W0622", "C0413", "R1705", "C0325", "C0304", "C0200", "R1714", 
                "C1801", "W0611", "R1710", "R1706", "E9969", "W1114", "E9997", "C0206", "W1514",
                "R1732", "invalid-name", "W0401", "E0102", "C0209", "R1710","C0103", 
                "trailing-whitespace", "C9103"],
    "allowed-import-modules": ["doctest", "unittest", "python_ta", "typing", "constants", "copy"],
  "pycodestyle-ignore": ["W503",
                         "W504",
                         "E111",
                         "E112",
                         "E113",
                         "E114",
                         "E117",
                         "E401",
                         "E402",
                         "E501",
                         "E701",
                         "E702",
                         "E703",
                         "E711",
                         "E712",
                         "E722",
                         "E741",
                         "E742",
                         "E743",
                         "E901",
                         "W291",
                         "W292",
                         "W293",
                         "W391",
                         "W605",
                         "E128", 
                         "E122", 
                         "E124"
                         ]
}
